,dir_uuid
201,0656b32c-0e05-4b85-96b4-8a28d15da81b
202,b59f78d8-3f96-475f-b685-4932fd976177
203,3bf47d5d-c183-4934-9c61-62991a2c2bd7
204,28de5ceb-ba67-484a-b20d-1b9a129483f8
206,1b5b9f8c-8266-4a31-8ac7-fac30e5a5502
253,c6d6bf6c-cead-4b94-927a-40d4b300dc7c
264,c54a93a7-8715-42b6-889d-5d80b5caffd7
285,0f53a080-c903-45a4-81eb-344859bdead5
286,63d84fac-fd5b-4dc5-978c-9c43592e6af4
287,7751c918-7e64-433d-975d-ffd609e6b771
288,311847e5-da52-433e-867b-7aac53904457
290,96027b95-8fc5-435a-b6ae-ec2b924207c2
291,4460b6fb-b183-4822-b449-f8c7f163f880
292,6c741780-9e05-470e-9f31-4787b99738b3
294,6b29de8a-5434-49f0-9f2c-c2fc4ff0b82b
295,032cf95b-7b58-4e3a-ba90-8badde0c7b84
297,c24249a5-5c1a-492b-a8c1-291fcb80b42d
300,963a3870-33f9-4c96-8eac-ecd641c254bf
305,007a342d-6d2d-472b-afd6-2978c3e588a2
311,bbf670ba-1c44-4dcc-bc43-98cb5dde3a58
312,5b1f9818-efa9-4333-a1db-e35c356d10c6
316,7643e107-be69-49c7-a77d-1910f576c477
317,99adc1d5-dd49-4050-a9ba-8077f6856bf1
321,94d2ba2b-55c8-45ed-822b-6c8af3d2c129
323,24790043-229c-4158-8fb8-c26da3ffa38a
335,2420da3c-ebf8-466a-b4d9-8595b6f20dad
337,481bf8fd-ff96-497b-8dfa-03f881fbcc71
340,162ff29b-1bc2-443b-8443-a02cc01ee457
341,c15c23f2-aa30-45ce-bc83-0e3158779250
344,723e33e6-d719-4af8-a483-272895466a86
346,724d0c82-be90-408c-9bc5-75e74137307d
347,55e57542-5604-465f-8071-14e34ff1a2fa
348,a5328381-231d-437e-9bf7-35d59f86f979
349,2fce1392-6652-45e7-b1fa-4f049ef2b83a
350,c791b9dd-9945-44b8-b21f-04d87e14c488
351,28a0ced3-7a6e-45cc-b47c-88686d5816ec
353,bb3c07ec-7494-4cb5-a549-8d87ad741ba4
354,c65fef42-cc15-445f-9a45-f30c7c67736e
355,4ced8d7d-694b-4504-ac4f-356de7b7847e
362,4b860476-9bac-40c6-b6ea-8c1aaec737e1
363,b78959f2-43fb-419c-83d2-b7ea35c3606a
370,d8761514-b9c9-469f-ad17-b425d3bef7d9
371,6f0e003d-dd3e-4c4c-87ea-f435255c3061
373,ee44f40e-69a1-41f3-83a2-b4307c3e1d5a
375,77652963-a12c-426b-ba76-1eed040a8c10
376,c4771490-1667-42cf-8d2f-706df5b4f34a
378,dddf8b78-1e6d-4d0d-b72d-a9b518181a00
380,409bca43-add7-4c7f-9e4e-483e459a242b
381,ca3fe1b9-0eed-4821-91c6-f3c2d5f0ac0d
384,e3468c66-4b82-4e13-9c94-a04d4947a494
388,947eb4d7-eafa-4748-9aee-1ed60e233c3d
389,efa8dad3-2767-46cf-ad46-927866d54d0f
391,aa5d720c-f74e-4c18-8d34-bb611f27b45d
393,ea3d866b-c995-4c38-ad7b-514c21da83c1
395,54ad0663-36cd-4c28-9ceb-b674c4a004e6
396,1b3e7310-f11c-4964-ba7a-6331f415bf02
397,2e07a200-4e0f-494d-af4f-db9940baa0ab
399,0f58bf66-d0e7-4514-b10d-07ccb0a2e108
404,44f9dbf5-7683-4bb4-9f48-9c281d2fdc86
409,c833499f-4d59-4f76-bcb8-447e9c4edb41
412,bd764527-5aac-4307-a00e-9a5ab36c6bd9
413,c45debec-123e-4d25-a5b3-5e4bef5c7d5f
419,ea5a7ac8-371c-4283-86fa-c6e858f51ac7
421,a99cc9d2-0fb1-4e10-8bd3-ca4474333729
424,ca905581-20aa-40a9-a176-54608922d878
435,17f2e1a9-1bde-4a80-8f98-dc3dcb767344
437,b18e0d07-7f52-4610-9dd1-8afd50dd4217
441,c757ab00-6efa-4a12-9f07-14e5967999f0
444,31d99116-e4a6-4b7a-99dc-ae212c508555
446,e264ee04-8c93-4468-a599-a5aae30738c9
447,278e745d-72e3-4538-8b07-0b9157e605d3
450,05e99737-1738-432d-bf0e-7ca0bbb11c31
451,f6f1c724-96f3-45ac-ab48-446fca061d23
452,6d94e519-6dea-42d0-a505-f36ab27f2f3f
456,fa95d06a-b753-4bfd-b890-82bd9ddfd974
